{"cameraMode":{"drawMode":0,"name":"Shaded","section":"Shading Mode"},"sceneLighting":true,"audioPlay":false,"sceneViewState":{"m_AlwaysRefresh":false,"showFog":true,"showSkybox":true,"showFlares":true,"showImageEffects":true,"showParticleSystems":true,"showVisualEffectGraphs":true,"m_FxEnabled":true},"in2DMode":false,"pivot":{"x":27.930370330810548,"y":0.3456074893474579,"z":3.8814966678619386},"rotation":{"x":-0.02903512865304947,"y":0.7896938323974609,"z":-0.037441547960042956,"w":-0.6116976737976074},"size":0.0003464498440735042,"orthographic":false}